obsid,subdir,file,status,size_bytes,sha256,remote_url
5200120403,auxil,ni5200120403.att.gz,NEWLY_FETCHED,1809050,d797f34ba6abb4ab7b177a7e7e70db2d763318b8c0278c6dd6f0d694b1b71923,https://heasarc.gsfc.nasa.gov/FTP/nicer/data/obs/2022_03//5200120403/auxil/ni5200120403.att.gz
5200120403,auxil,ni5200120403.cat,NEWLY_FETCHED,17280,615df62059c2be19266d341aea85338409ee1a070d605579db6a410436cfc584,https://heasarc.gsfc.nasa.gov/FTP/nicer/data/obs/2022_03//5200120403/auxil/ni5200120403.cat
5200120403,auxil,ni5200120403.mkf.gz,NEWLY_FETCHED,5049823,7b887c6c1a26fa03f4cacc1eb9d66cbcc08e48adffb15aea5d971eba33fc1b2a,https://heasarc.gsfc.nasa.gov/FTP/nicer/data/obs/2022_03//5200120403/auxil/ni5200120403.mkf.gz
5200120403,auxil,ni5200120403.orb.gz,NEWLY_FETCHED,19091,79c49a72a884c4d3319e4dba01f12a048e6847e86b7e8827ea7020e26d9fe95f,https://heasarc.gsfc.nasa.gov/FTP/nicer/data/obs/2022_03//5200120403/auxil/ni5200120403.orb.gz
5200120402,auxil,ni5200120402.att.gz,NEWLY_FETCHED,1266960,6ea100807fd8d362c7bbbfdea7263d76fb3d4eff7432bc9f9be8e325e7b0643f,https://heasarc.gsfc.nasa.gov/FTP/nicer/data/obs/2022_03//5200120402/auxil/ni5200120402.att.gz
5200120402,auxil,ni5200120402.cat,NEWLY_FETCHED,17280,94cb9662371a148a86839e49c5c1af3334fcfbca1a5f18b52b263844fb827427,https://heasarc.gsfc.nasa.gov/FTP/nicer/data/obs/2022_03//5200120402/auxil/ni5200120402.cat
5200120402,auxil,ni5200120402.mkf.gz,NEWLY_FETCHED,3598527,316e2bf5b19a3ddcc405503744a87b913331889c2939e8e7a69b7c3986871160,https://heasarc.gsfc.nasa.gov/FTP/nicer/data/obs/2022_03//5200120402/auxil/ni5200120402.mkf.gz
5200120402,auxil,ni5200120402.orb.gz,NEWLY_FETCHED,14293,fcea01a965d298f35a1007f3be5eea3ddb2191b51b1ee78fba03fc53d54bdab7,https://heasarc.gsfc.nasa.gov/FTP/nicer/data/obs/2022_03//5200120402/auxil/ni5200120402.orb.gz
5200120401,auxil,ni5200120401.att.gz,NEWLY_FETCHED,2697325,8dc42e70cc51b76a139a7b9b9811652628122c7f099a7b98a79bb8de641adca7,https://heasarc.gsfc.nasa.gov/FTP/nicer/data/obs/2022_03//5200120401/auxil/ni5200120401.att.gz
5200120401,auxil,ni5200120401.cat,NEWLY_FETCHED,17280,7f4e41541d0d37b1d3ae78c874efe322c63b00102c33c4d93eb2a3d5a34d72d9,https://heasarc.gsfc.nasa.gov/FTP/nicer/data/obs/2022_03//5200120401/auxil/ni5200120401.cat
5200120401,auxil,ni5200120401.mkf.gz,NEWLY_FETCHED,8657337,232e3a70800b38a2b35f098b4704519066bac522ccf176706b9f475b4d3fca28,https://heasarc.gsfc.nasa.gov/FTP/nicer/data/obs/2022_03//5200120401/auxil/ni5200120401.mkf.gz
5200120401,auxil,ni5200120401.orb.gz,NEWLY_FETCHED,27271,69db1b8cef9ec6c7d3980277dd51a1ff5f127ee160e8afd52f6e1819ce009746,https://heasarc.gsfc.nasa.gov/FTP/nicer/data/obs/2022_03//5200120401/auxil/ni5200120401.orb.gz
4200120408,auxil,ni4200120408.att.gz,NEWLY_FETCHED,893906,0bf331a50d9c51c28cf26e7e3059ab5b67d7e6fbe9102db0b2a47126b459ec00,https://heasarc.gsfc.nasa.gov/FTP/nicer/data/obs/2021_04//4200120408/auxil/ni4200120408.att.gz
4200120408,auxil,ni4200120408.cat,NEWLY_FETCHED,17280,41e915f366be678ea558e01d08f1fe47f414642a4eacc484e27c262419ed6e0c,https://heasarc.gsfc.nasa.gov/FTP/nicer/data/obs/2021_04//4200120408/auxil/ni4200120408.cat
4200120408,auxil,ni4200120408.mkf.gz,NEWLY_FETCHED,2079114,ac75f9018c31933d3cdcb6b602d3cb5e0903da743c09a43317cd9fc1207416b0,https://heasarc.gsfc.nasa.gov/FTP/nicer/data/obs/2021_04//4200120408/auxil/ni4200120408.mkf.gz
4200120408,auxil,ni4200120408.orb.gz,NEWLY_FETCHED,11116,c38ca259b24b2b7d5c50bd991444a8c22e0bd3645dc9e2917d3093e490ba155e,https://heasarc.gsfc.nasa.gov/FTP/nicer/data/obs/2021_04//4200120408/auxil/ni4200120408.orb.gz
4200120407,auxil,ni4200120407.att.gz,NEWLY_FETCHED,1562600,5d8ac82bdd6edb7cc7eabb006abd30d35194b0f59d6172e1a99a6545a6de1432,https://heasarc.gsfc.nasa.gov/FTP/nicer/data/obs/2021_04//4200120407/auxil/ni4200120407.att.gz
4200120407,auxil,ni4200120407.cat,NEWLY_FETCHED,17280,e81809f7ae4a110cbce50ca82f4257b0480e069edb1f83fe6508c875bf8df3c7,https://heasarc.gsfc.nasa.gov/FTP/nicer/data/obs/2021_04//4200120407/auxil/ni4200120407.cat
4200120407,auxil,ni4200120407.mkf.gz,NEWLY_FETCHED,3817226,b583039d2bd2664d004e0f7c2b2759ab90e7f5de80a7fb99b91cfd4306189b50,https://heasarc.gsfc.nasa.gov/FTP/nicer/data/obs/2021_04//4200120407/auxil/ni4200120407.mkf.gz
4200120407,auxil,ni4200120407.orb.gz,NEWLY_FETCHED,17176,ee0b2c927119ba2c883334a08a633997db6ea38b6c839c82664ec641a43d0d5d,https://heasarc.gsfc.nasa.gov/FTP/nicer/data/obs/2021_04//4200120407/auxil/ni4200120407.orb.gz
4200120406,auxil,ni4200120406.att.gz,NEWLY_FETCHED,791750,ba7692d85aef52c0ecc91f0e54b13899f84df1a82ad32f7d5281bdff08c0e771,https://heasarc.gsfc.nasa.gov/FTP/nicer/data/obs/2021_04//4200120406/auxil/ni4200120406.att.gz
4200120406,auxil,ni4200120406.cat,NEWLY_FETCHED,17280,58659b6e5f67d3ea08f272a9a20fe61504290872252e47df7ff434e57ae5bb2a,https://heasarc.gsfc.nasa.gov/FTP/nicer/data/obs/2021_04//4200120406/auxil/ni4200120406.cat
4200120406,auxil,ni4200120406.mkf.gz,NEWLY_FETCHED,1849608,44b4f506efbf612855e540f84d385574588d07965c2db5010bfdca89f9843521,https://heasarc.gsfc.nasa.gov/FTP/nicer/data/obs/2021_04//4200120406/auxil/ni4200120406.mkf.gz
4200120406,auxil,ni4200120406.orb.gz,NEWLY_FETCHED,10096,71cf7b9302481e372f41311deb35bb6d80329dc25644106c8aa17f8b74629645,https://heasarc.gsfc.nasa.gov/FTP/nicer/data/obs/2021_04//4200120406/auxil/ni4200120406.orb.gz
4200120405,auxil,ni4200120405.att.gz,NEWLY_FETCHED,856268,81da12e2266c1064997887cf82733eec169efddae248ae70630aeaa6b6133407,https://heasarc.gsfc.nasa.gov/FTP/nicer/data/obs/2021_04//4200120405/auxil/ni4200120405.att.gz
4200120405,auxil,ni4200120405.cat,NEWLY_FETCHED,17280,a740e8cbcc27a5967f354658a6d4d245fb26374ee429d872872e3465112c9580,https://heasarc.gsfc.nasa.gov/FTP/nicer/data/obs/2021_04//4200120405/auxil/ni4200120405.cat
4200120405,auxil,ni4200120405.mkf.gz,NEWLY_FETCHED,2093428,44e6a97bc8f38164b3988d487366219075ad4c1244c395316475896da0cf9e5d,https://heasarc.gsfc.nasa.gov/FTP/nicer/data/obs/2021_04//4200120405/auxil/ni4200120405.mkf.gz
4200120405,auxil,ni4200120405.orb.gz,NEWLY_FETCHED,10482,7bb45fde548e402d51a28cbc84c0d1c85ed52a13049af9ffe5be4e0f98a40dec,https://heasarc.gsfc.nasa.gov/FTP/nicer/data/obs/2021_04//4200120405/auxil/ni4200120405.orb.gz
4200120404,auxil,ni4200120404.att.gz,NEWLY_FETCHED,2057407,96a060cb2181c200b17e76fa4cbde6be3bd66fbef95504160e8943ce11cb3689,https://heasarc.gsfc.nasa.gov/FTP/nicer/data/obs/2021_04//4200120404/auxil/ni4200120404.att.gz
4200120404,auxil,ni4200120404.cat,NEWLY_FETCHED,17280,3163b0b36633e73b20f655bc4c55190816c2c8fadee08b81ebb13720132795ee,https://heasarc.gsfc.nasa.gov/FTP/nicer/data/obs/2021_04//4200120404/auxil/ni4200120404.cat
4200120404,auxil,ni4200120404.mkf.gz,NEWLY_FETCHED,4883335,39c70eaca041ea2c5253fea99921133d137db57e5347c2d9eb4f36c58f7c6e53,https://heasarc.gsfc.nasa.gov/FTP/nicer/data/obs/2021_04//4200120404/auxil/ni4200120404.mkf.gz
4200120404,auxil,ni4200120404.orb.gz,NEWLY_FETCHED,21890,e0736e00082b117bfcba5ec62a0183f5ddeaa3bdec5d5056d9ba2ee8a20213ae,https://heasarc.gsfc.nasa.gov/FTP/nicer/data/obs/2021_04//4200120404/auxil/ni4200120404.orb.gz
4200120403,auxil,ni4200120403.att.gz,NEWLY_FETCHED,848501,a3f449741f8f604f6eb7a99f9e3a37ab751c3fbe6f3f7f3ace60ca3273151423,https://heasarc.gsfc.nasa.gov/FTP/nicer/data/obs/2021_04//4200120403/auxil/ni4200120403.att.gz
4200120403,auxil,ni4200120403.cat,NEWLY_FETCHED,17280,41312bbf9726b097c682d64a2f2ebcaca11271b33b88ed832b8c5eaba9a492bc,https://heasarc.gsfc.nasa.gov/FTP/nicer/data/obs/2021_04//4200120403/auxil/ni4200120403.cat
4200120403,auxil,ni4200120403.mkf.gz,NEWLY_FETCHED,2014837,204adc291154b5fc234328258c7e7b6cc59080dac47b0c358967735902b1f3eb,https://heasarc.gsfc.nasa.gov/FTP/nicer/data/obs/2021_04//4200120403/auxil/ni4200120403.mkf.gz
4200120403,auxil,ni4200120403.orb.gz,NEWLY_FETCHED,10527,39da0a7a36e5a5f8b3794338525c445ab0fa4fa93942a85d21aaac9ee4767db3,https://heasarc.gsfc.nasa.gov/FTP/nicer/data/obs/2021_04//4200120403/auxil/ni4200120403.orb.gz
4200120402,auxil,ni4200120402.att.gz,NEWLY_FETCHED,1118706,f42d8086a88023637f9cc96c3ff56014e4e428705294bf69cafe3784674aaef9,https://heasarc.gsfc.nasa.gov/FTP/nicer/data/obs/2021_04//4200120402/auxil/ni4200120402.att.gz
4200120402,auxil,ni4200120402.cat,NEWLY_FETCHED,17280,933f42b4c3e97dc69fe112af8da1635bcb93d45d46393f0fc9f06430cdf4008b,https://heasarc.gsfc.nasa.gov/FTP/nicer/data/obs/2021_04//4200120402/auxil/ni4200120402.cat
4200120402,auxil,ni4200120402.mkf.gz,NEWLY_FETCHED,2764394,714da66898c27d0af1f7834501246c766c0734ea0fb5b4a811c55d5804433907,https://heasarc.gsfc.nasa.gov/FTP/nicer/data/obs/2021_04//4200120402/auxil/ni4200120402.mkf.gz
4200120402,auxil,ni4200120402.orb.gz,NEWLY_FETCHED,12958,39cd2947d455aea4d473ae6b1103d78609f4478f9f439257c154d3eb2c2fde75,https://heasarc.gsfc.nasa.gov/FTP/nicer/data/obs/2021_04//4200120402/auxil/ni4200120402.orb.gz
4200120401,auxil,ni4200120401.att.gz,NEWLY_FETCHED,629367,d8a0f09fdbec45f7bc409c0fec97a8b3f1e624b5b695cc029d063ad0c64e3789,https://heasarc.gsfc.nasa.gov/FTP/nicer/data/obs/2021_03//4200120401/auxil/ni4200120401.att.gz
4200120401,auxil,ni4200120401.cat,NEWLY_FETCHED,17280,96a63e51cf711c04e390462080a4ea4c815f1a9d1cd67e5206314c0e31cfa86b,https://heasarc.gsfc.nasa.gov/FTP/nicer/data/obs/2021_03//4200120401/auxil/ni4200120401.cat
4200120401,auxil,ni4200120401.mkf.gz,NEWLY_FETCHED,1174498,af1d83cc6231cd16433afe1079daab80e135ea83111b1fa23521c84a69d7376e,https://heasarc.gsfc.nasa.gov/FTP/nicer/data/obs/2021_03//4200120401/auxil/ni4200120401.mkf.gz
4200120401,auxil,ni4200120401.orb.gz,NEWLY_FETCHED,8611,9cd71a0f22ab6f7a3db0fda58c4800c33c1e0273439014fcb904961cafd70e21,https://heasarc.gsfc.nasa.gov/FTP/nicer/data/obs/2021_03//4200120401/auxil/ni4200120401.orb.gz
3200120439,auxil,ni3200120439.att.gz,NEWLY_FETCHED,881780,edef0519da04d33590cdb197c722a0fbb6efe59ddde7703387a458306b0be0e0,https://heasarc.gsfc.nasa.gov/FTP/nicer/data/obs/2020_04//3200120439/auxil/ni3200120439.att.gz
3200120439,auxil,ni3200120439.cat,NEWLY_FETCHED,17280,98b4115a023f83bd3d7e2908e86b40081fefeda24ebd0d2c6a8069f3cd019466,https://heasarc.gsfc.nasa.gov/FTP/nicer/data/obs/2020_04//3200120439/auxil/ni3200120439.cat
3200120439,auxil,ni3200120439.mkf.gz,NEWLY_FETCHED,2325471,40fcfed35eda7ba9927f8dbde2f177b101426f0d258d5cef729e5e9b721c97fd,https://heasarc.gsfc.nasa.gov/FTP/nicer/data/obs/2020_04//3200120439/auxil/ni3200120439.mkf.gz
3200120439,auxil,ni3200120439.orb.gz,NEWLY_FETCHED,11645,b9b00cdfe638bef37794b356c3f20f932f376467ef665dac70ea7f712b69cf08,https://heasarc.gsfc.nasa.gov/FTP/nicer/data/obs/2020_04//3200120439/auxil/ni3200120439.orb.gz
3200120438,auxil,ni3200120438.att.gz,NEWLY_FETCHED,1307379,70f2e4eea93beea273afe06cfb209bbcaea623341760cf93698333a4adb0f649,https://heasarc.gsfc.nasa.gov/FTP/nicer/data/obs/2020_04//3200120438/auxil/ni3200120438.att.gz
3200120438,auxil,ni3200120438.cat,NEWLY_FETCHED,17280,4ec36219c61f4c81f27ce7024602bcbe348ed204694163fd38e87e7d0ab84a95,https://heasarc.gsfc.nasa.gov/FTP/nicer/data/obs/2020_04//3200120438/auxil/ni3200120438.cat
3200120438,auxil,ni3200120438.mkf.gz,NEWLY_FETCHED,3290977,eea2cda9ec9bf0e8728e0273f28ef1569618ca0a3b45c528918c3784cc2e54e4,https://heasarc.gsfc.nasa.gov/FTP/nicer/data/obs/2020_04//3200120438/auxil/ni3200120438.mkf.gz
3200120438,auxil,ni3200120438.orb.gz,NEWLY_FETCHED,15176,d5718b29aea3d1a3158cc552a88f1045f1521bcef94ee7fddf6e89cdb8d6111a,https://heasarc.gsfc.nasa.gov/FTP/nicer/data/obs/2020_04//3200120438/auxil/ni3200120438.orb.gz
3200120437,auxil,ni3200120437.att.gz,NEWLY_FETCHED,2196308,ea9a01a3169f55ca4a7fc6e403515cecd4373d6c6da44d1f43310ffe3fca0654,https://heasarc.gsfc.nasa.gov/FTP/nicer/data/obs/2020_04//3200120437/auxil/ni3200120437.att.gz
3200120437,auxil,ni3200120437.cat,NEWLY_FETCHED,17280,7e1085ec8b249114d4cb1c50836948c721ae48aafe2fad45a1c9f3ba001034d4,https://heasarc.gsfc.nasa.gov/FTP/nicer/data/obs/2020_04//3200120437/auxil/ni3200120437.cat
3200120437,auxil,ni3200120437.mkf.gz,NEWLY_FETCHED,5334572,31aa604ab9880b42112716249c40bd9c73be3828c306668443baa9ba40bdb18a,https://heasarc.gsfc.nasa.gov/FTP/nicer/data/obs/2020_04//3200120437/auxil/ni3200120437.mkf.gz
3200120437,auxil,ni3200120437.orb.gz,NEWLY_FETCHED,23598,1a2f745c774150c6ae3d0d5b93694f76e49fd637d11b1c606d2a75cdffccab9b,https://heasarc.gsfc.nasa.gov/FTP/nicer/data/obs/2020_04//3200120437/auxil/ni3200120437.orb.gz
3200120436,auxil,ni3200120436.att.gz,NEWLY_FETCHED,1116244,5ad00113613467c5b13e668bdb9568377221d150a062536b7fb04fb3c0d48467,https://heasarc.gsfc.nasa.gov/FTP/nicer/data/obs/2020_04//3200120436/auxil/ni3200120436.att.gz
3200120436,auxil,ni3200120436.cat,NEWLY_FETCHED,17280,4d356565308a8e24b85ee670af405de83202462f544135227321f1330abbe5ec,https://heasarc.gsfc.nasa.gov/FTP/nicer/data/obs/2020_04//3200120436/auxil/ni3200120436.cat
3200120436,auxil,ni3200120436.mkf.gz,NEWLY_FETCHED,2593313,658662cce76593f3659a23d8a8e7bb52355fdfdec083c3a4389d2c95a7bbde7d,https://heasarc.gsfc.nasa.gov/FTP/nicer/data/obs/2020_04//3200120436/auxil/ni3200120436.mkf.gz
3200120436,auxil,ni3200120436.orb.gz,NEWLY_FETCHED,13198,1dd1f696ca60a2699fe003d395ed92169e1e4a1d041827a2e00a8324f242420a,https://heasarc.gsfc.nasa.gov/FTP/nicer/data/obs/2020_04//3200120436/auxil/ni3200120436.orb.gz
3200120435,auxil,ni3200120435.att.gz,NEWLY_FETCHED,645748,e0e9be33100255ce3f181a582212d36fa5cce5b22e2c065060c7081b52ba3dc9,https://heasarc.gsfc.nasa.gov/FTP/nicer/data/obs/2020_04//3200120435/auxil/ni3200120435.att.gz
3200120435,auxil,ni3200120435.cat,NEWLY_FETCHED,17280,d5c9f093c4ee2ae3fbfb05db721847b8768b8b4bb72c1ab891e75c2e300805f9,https://heasarc.gsfc.nasa.gov/FTP/nicer/data/obs/2020_04//3200120435/auxil/ni3200120435.cat
3200120435,auxil,ni3200120435.mkf.gz,NEWLY_FETCHED,1430058,a3376c0f2c8b6f96a0d3dacd9d0f0b1a2d1015166cb7aedbd745c3b466aa97a3,https://heasarc.gsfc.nasa.gov/FTP/nicer/data/obs/2020_04//3200120435/auxil/ni3200120435.mkf.gz
3200120435,auxil,ni3200120435.orb.gz,NEWLY_FETCHED,9420,b9d0651ad4417ede8474a20b5cce0cb81b209a1a0a5fdd1e526fa816506767c3,https://heasarc.gsfc.nasa.gov/FTP/nicer/data/obs/2020_04//3200120435/auxil/ni3200120435.orb.gz
3200120434,auxil,ni3200120434.att.gz,NEWLY_FETCHED,1557341,caff013cedfb55c5f6796554eeb55c8835b3105a2bf28c840ed257b4b4e0b207,https://heasarc.gsfc.nasa.gov/FTP/nicer/data/obs/2020_04//3200120434/auxil/ni3200120434.att.gz
3200120434,auxil,ni3200120434.cat,NEWLY_FETCHED,17280,d9eb39d9263aa97b30314401b1cf930e2777411231c60a90e3557264596d3101,https://heasarc.gsfc.nasa.gov/FTP/nicer/data/obs/2020_04//3200120434/auxil/ni3200120434.cat
3200120434,auxil,ni3200120434.mkf.gz,NEWLY_FETCHED,3863929,e94beaff7fb7ce1caa24dd388e0fe905057c05f88919cd23a47af223da8ff07e,https://heasarc.gsfc.nasa.gov/FTP/nicer/data/obs/2020_04//3200120434/auxil/ni3200120434.mkf.gz
3200120434,auxil,ni3200120434.orb.gz,NEWLY_FETCHED,17780,e8d8fd8f6c92edbfdc2aa6eb531b049321750af69da750496ac99a42b1323234,https://heasarc.gsfc.nasa.gov/FTP/nicer/data/obs/2020_04//3200120434/auxil/ni3200120434.orb.gz
3200120433,auxil,ni3200120433.att.gz,NEWLY_FETCHED,524269,a6df21954b8ab530e1e580ef9af6db9b375b5a01bb7c63c372f8d109f42d079a,https://heasarc.gsfc.nasa.gov/FTP/nicer/data/obs/2020_04//3200120433/auxil/ni3200120433.att.gz
3200120433,auxil,ni3200120433.cat,NEWLY_FETCHED,17280,cd7719781a9360627ef0dd195471c338ad5efbc10ff45b065763bcb11f5572b5,https://heasarc.gsfc.nasa.gov/FTP/nicer/data/obs/2020_04//3200120433/auxil/ni3200120433.cat
3200120433,auxil,ni3200120433.mkf.gz,NEWLY_FETCHED,1188523,50c2de2f55ec5b2f09f484e2b825ab61b69b4b77e9e7762ecaf9ae72d4f69557,https://heasarc.gsfc.nasa.gov/FTP/nicer/data/obs/2020_04//3200120433/auxil/ni3200120433.mkf.gz
3200120433,auxil,ni3200120433.orb.gz,NEWLY_FETCHED,7467,5eec04137b94a6c187c542bf2296b1216b94e2322840569c4a06a83d5d3b1e32,https://heasarc.gsfc.nasa.gov/FTP/nicer/data/obs/2020_04//3200120433/auxil/ni3200120433.orb.gz
3200120432,auxil,ni3200120432.att.gz,NEWLY_FETCHED,1547152,0951c82d71c4f8ea9b1f1a121dc97e1b99398dc9c2bd1bccc1d0945663d367e3,https://heasarc.gsfc.nasa.gov/FTP/nicer/data/obs/2020_04//3200120432/auxil/ni3200120432.att.gz
3200120432,auxil,ni3200120432.cat,NEWLY_FETCHED,17280,5728596fc2ca6f722001cd77f632954fa11a77f1b8ab6fb99d4e6f672ab33a41,https://heasarc.gsfc.nasa.gov/FTP/nicer/data/obs/2020_04//3200120432/auxil/ni3200120432.cat
3200120432,auxil,ni3200120432.mkf.gz,NEWLY_FETCHED,3938206,031daf46ed549ec541d09f811ba7db9de89b857ffa9a240b5cea39d59af878de,https://heasarc.gsfc.nasa.gov/FTP/nicer/data/obs/2020_04//3200120432/auxil/ni3200120432.mkf.gz
3200120432,auxil,ni3200120432.orb.gz,NEWLY_FETCHED,16961,565597e0051584bbe30798c4d49935d6f9854c0d5b9a550732e0d6373e5edcd5,https://heasarc.gsfc.nasa.gov/FTP/nicer/data/obs/2020_04//3200120432/auxil/ni3200120432.orb.gz
3200120431,auxil,ni3200120431.att.gz,NEWLY_FETCHED,463642,df8f6ead73a2691a79df28fcede22d504e2a0043fc405dde4e5ee9dd10812deb,https://heasarc.gsfc.nasa.gov/FTP/nicer/data/obs/2020_04//3200120431/auxil/ni3200120431.att.gz
3200120431,auxil,ni3200120431.cat,NEWLY_FETCHED,17280,97a4fc6a8a122e41123c7a19fd177f9111371fe66c3dbcc97fe0ce64680cf51c,https://heasarc.gsfc.nasa.gov/FTP/nicer/data/obs/2020_04//3200120431/auxil/ni3200120431.cat
3200120431,auxil,ni3200120431.mkf.gz,NEWLY_FETCHED,811628,3554965f22192f89fadc1fcc3e9e4940be7fdf8807187468d4bc122a2410eac1,https://heasarc.gsfc.nasa.gov/FTP/nicer/data/obs/2020_04//3200120431/auxil/ni3200120431.mkf.gz
3200120431,auxil,ni3200120431.orb.gz,NEWLY_FETCHED,6962,9b3e2afbf1a7a75982b4d6dd458019faeb91f4dea7dcbdfc1a92f9cb0dabaee6,https://heasarc.gsfc.nasa.gov/FTP/nicer/data/obs/2020_04//3200120431/auxil/ni3200120431.orb.gz
